"filename", "language", "C++", "CMake", "JSON", "Markdown", "comment", "blank", "total"
"/home/macrohard/Develop/NBIO/CMakeLists.txt", "CMake", 0, 97, 0, 0, 0, 20, 117
"/home/macrohard/Develop/NBIO/CMakePresets.json", "JSON", 0, 0, 18, 0, 0, 0, 18
"/home/macrohard/Develop/NBIO/README.md", "Markdown", 0, 0, 0, 50, 0, 14, 64
"/home/macrohard/Develop/NBIO/benchmark/CMakeLists.txt", "CMake", 0, 7, 0, 0, 0, 4, 11
"/home/macrohard/Develop/NBIO/benchmark/rdma_deliver_benchmark.cpp", "C++", 338, 0, 0, 0, 0, 45, 383
"/home/macrohard/Develop/NBIO/examples/CMakeLists.txt", "CMake", 0, 25, 0, 0, 0, 5, 30
"/home/macrohard/Develop/NBIO/examples/condition.cpp", "C++", 28, 0, 0, 0, 0, 5, 33
"/home/macrohard/Develop/NBIO/examples/echo.cpp", "C++", 55, 0, 0, 0, 5, 4, 64
"/home/macrohard/Develop/NBIO/examples/graceful_exit.cpp", "C++", 17, 0, 0, 0, 0, 4, 21
"/home/macrohard/Develop/NBIO/examples/rdma_client.cpp", "C++", 49, 0, 0, 0, 0, 2, 51
"/home/macrohard/Develop/NBIO/examples/rdma_server.cpp", "C++", 49, 0, 0, 0, 0, 3, 52
"/home/macrohard/Develop/NBIO/examples/signal_service.cpp", "C++", 18, 0, 0, 0, 5, 4, 27
"/home/macrohard/Develop/NBIO/examples/sleep.cpp", "C++", 43, 0, 0, 0, 0, 6, 49
"/home/macrohard/Develop/NBIO/include/nbio/async.hpp", "C++", 194, 0, 0, 0, 40, 35, 269
"/home/macrohard/Develop/NBIO/include/nbio/async/coroutine.hpp", "C++", 89, 0, 0, 0, 23, 24, 136
"/home/macrohard/Develop/NBIO/include/nbio/async/engine.hpp", "C++", 43, 0, 0, 0, 12, 16, 71
"/home/macrohard/Develop/NBIO/include/nbio/async/runtime.hpp", "C++", 45, 0, 0, 0, 5, 15, 65
"/home/macrohard/Develop/NBIO/include/nbio/async/scheduler.hpp", "C++", 43, 0, 0, 0, 10, 14, 67
"/home/macrohard/Develop/NBIO/include/nbio/async/task.hpp", "C++", 142, 0, 0, 0, 58, 52, 252
"/home/macrohard/Develop/NBIO/include/nbio/core.hpp", "C++", 10, 0, 0, 0, 0, 2, 12
"/home/macrohard/Develop/NBIO/include/nbio/core/channel.hpp", "C++", 48, 0, 0, 0, 11, 19, 78
"/home/macrohard/Develop/NBIO/include/nbio/core/epoll_multiplexer.hpp", "C++", 30, 0, 0, 0, 0, 5, 35
"/home/macrohard/Develop/NBIO/include/nbio/core/multiplexer.hpp", "C++", 18, 0, 0, 0, 0, 7, 25
"/home/macrohard/Develop/NBIO/include/nbio/core/types.hpp", "C++", 30, 0, 0, 0, 5, 3, 38
"/home/macrohard/Develop/NBIO/include/nbio/core/uring_multiplexer.hpp", "C++", 33, 0, 0, 0, 7, 8, 48
"/home/macrohard/Develop/NBIO/include/nbio/fs.hpp", "C++", 7, 0, 0, 0, 0, 2, 9
"/home/macrohard/Develop/NBIO/include/nbio/fs/file.hpp", "C++", 50, 0, 0, 0, 3, 15, 68
"/home/macrohard/Develop/NBIO/include/nbio/fs/file_read_channel.hpp", "C++", 34, 0, 0, 0, 5, 12, 51
"/home/macrohard/Develop/NBIO/include/nbio/fs/file_stream.hpp", "C++", 46, 0, 0, 0, 10, 12, 68
"/home/macrohard/Develop/NBIO/include/nbio/fs/file_stream_service.hpp", "C++", 27, 0, 0, 0, 13, 8, 48
"/home/macrohard/Develop/NBIO/include/nbio/fs/file_view.hpp", "C++", 37, 0, 0, 0, 0, 10, 47
"/home/macrohard/Develop/NBIO/include/nbio/fs/file_write_channel.hpp", "C++", 35, 0, 0, 0, 5, 12, 52
"/home/macrohard/Develop/NBIO/include/nbio/fs/payload.hpp", "C++", 48, 0, 0, 0, 0, 10, 58
"/home/macrohard/Develop/NBIO/include/nbio/fs/result.hpp", "C++", 17, 0, 0, 0, 0, 3, 20
"/home/macrohard/Develop/NBIO/include/nbio/net.hpp", "C++", 27, 0, 0, 0, 0, 2, 29
"/home/macrohard/Develop/NBIO/include/nbio/net/address.hpp", "C++", 40, 0, 0, 0, 0, 12, 52
"/home/macrohard/Develop/NBIO/include/nbio/net/packet_view.hpp", "C++", 37, 0, 0, 0, 0, 10, 47
"/home/macrohard/Develop/NBIO/include/nbio/net/payload.hpp", "C++", 87, 0, 0, 0, 0, 20, 107
"/home/macrohard/Develop/NBIO/include/nbio/net/rdma_accept_channel.hpp", "C++", 42, 0, 0, 0, 2, 14, 58
"/home/macrohard/Develop/NBIO/include/nbio/net/rdma_accept_service.hpp", "C++", 30, 0, 0, 0, 0, 9, 39
"/home/macrohard/Develop/NBIO/include/nbio/net/rdma_acceptor.hpp", "C++", 40, 0, 0, 0, 2, 13, 55
"/home/macrohard/Develop/NBIO/include/nbio/net/rdma_connect_channel.hpp", "C++", 41, 0, 0, 0, 4, 13, 58
"/home/macrohard/Develop/NBIO/include/nbio/net/rdma_connect_service.hpp", "C++", 26, 0, 0, 0, 0, 8, 34
"/home/macrohard/Develop/NBIO/include/nbio/net/rdma_connector.hpp", "C++", 90, 0, 0, 0, 65, 47, 202
"/home/macrohard/Develop/NBIO/include/nbio/net/rdma_deliver_service.hpp", "C++", 74, 0, 0, 0, 51, 27, 152
"/home/macrohard/Develop/NBIO/include/nbio/net/rdma_header.hpp", "C++", 26, 0, 0, 0, 6, 8, 40
"/home/macrohard/Develop/NBIO/include/nbio/net/rdma_receive_channel.hpp", "C++", 41, 0, 0, 0, 4, 16, 61
"/home/macrohard/Develop/NBIO/include/nbio/net/rdma_resource_manager.hpp", "C++", 46, 0, 0, 0, 11, 13, 70
"/home/macrohard/Develop/NBIO/include/nbio/net/rdma_result.hpp", "C++", 81, 0, 0, 0, 0, 15, 96
"/home/macrohard/Develop/NBIO/include/nbio/net/rdma_send_channel.hpp", "C++", 48, 0, 0, 0, 18, 17, 83
"/home/macrohard/Develop/NBIO/include/nbio/net/rdma_session.hpp", "C++", 38, 0, 0, 0, 5, 15, 58
"/home/macrohard/Develop/NBIO/include/nbio/net/rdma_session_service.hpp", "C++", 36, 0, 0, 0, 5, 15, 56
"/home/macrohard/Develop/NBIO/include/nbio/net/result.hpp", "C++", 25, 0, 0, 0, 0, 4, 29
"/home/macrohard/Develop/NBIO/include/nbio/net/tcp_accept_channel.hpp", "C++", 36, 0, 0, 0, 10, 11, 57
"/home/macrohard/Develop/NBIO/include/nbio/net/tcp_accept_service.hpp", "C++", 31, 0, 0, 0, 13, 9, 53
"/home/macrohard/Develop/NBIO/include/nbio/net/tcp_acceptor.hpp", "C++", 26, 0, 0, 0, 0, 8, 34
"/home/macrohard/Develop/NBIO/include/nbio/net/tcp_connect_channel.hpp", "C++", 35, 0, 0, 0, 0, 11, 46
"/home/macrohard/Develop/NBIO/include/nbio/net/tcp_connect_service.hpp", "C++", 24, 0, 0, 0, 13, 8, 45
"/home/macrohard/Develop/NBIO/include/nbio/net/tcp_connector.hpp", "C++", 37, 0, 0, 0, 0, 12, 49
"/home/macrohard/Develop/NBIO/include/nbio/net/tcp_receive_channel.hpp", "C++", 33, 0, 0, 0, 5, 11, 49
"/home/macrohard/Develop/NBIO/include/nbio/net/tcp_send_channel.hpp", "C++", 33, 0, 0, 0, 3, 12, 48
"/home/macrohard/Develop/NBIO/include/nbio/net/tcp_session_service.hpp", "C++", 37, 0, 0, 0, 21, 14, 72
"/home/macrohard/Develop/NBIO/include/nbio/net/tcp_socket.hpp", "C++", 64, 0, 0, 0, 0, 13, 77
"/home/macrohard/Develop/NBIO/include/nbio/notification.hpp", "C++", 0, 0, 0, 0, 0, 1, 1
"/home/macrohard/Develop/NBIO/include/nbio/notification/condition_variable.hpp", "C++", 77, 0, 0, 0, 27, 25, 129
"/home/macrohard/Develop/NBIO/include/nbio/notification/notifier.hpp", "C++", 21, 0, 0, 0, 0, 6, 27
"/home/macrohard/Develop/NBIO/include/nbio/notification/notifier_channel.hpp", "C++", 52, 0, 0, 0, 8, 15, 75
"/home/macrohard/Develop/NBIO/include/nbio/signal.hpp", "C++", 2, 0, 0, 0, 0, 1, 3
"/home/macrohard/Develop/NBIO/include/nbio/signal/system_signal.hpp", "C++", 22, 0, 0, 0, 2, 5, 29
"/home/macrohard/Develop/NBIO/include/nbio/signal/system_signal_channel.hpp", "C++", 54, 0, 0, 0, 7, 19, 80
"/home/macrohard/Develop/NBIO/include/nbio/signal/system_signal_service.hpp", "C++", 11, 0, 0, 0, 14, 4, 29
"/home/macrohard/Develop/NBIO/include/nbio/time.hpp", "C++", 4, 0, 0, 0, 0, 2, 6
"/home/macrohard/Develop/NBIO/include/nbio/time/system_time_service.hpp", "C++", 18, 0, 0, 0, 0, 6, 24
"/home/macrohard/Develop/NBIO/include/nbio/time/system_timer.hpp", "C++", 63, 0, 0, 0, 1, 9, 73
"/home/macrohard/Develop/NBIO/include/nbio/time/system_timer_channel.hpp", "C++", 77, 0, 0, 0, 9, 21, 107
"/home/macrohard/Develop/NBIO/include/nbio/utility.hpp", "C++", 9, 0, 0, 0, 0, 2, 11
"/home/macrohard/Develop/NBIO/include/nbio/utility/bitmap.hpp", "C++", 51, 0, 0, 0, 20, 22, 93
"/home/macrohard/Develop/NBIO/include/nbio/utility/buffer.hpp", "C++", 53, 0, 0, 0, 4, 18, 75
"/home/macrohard/Develop/NBIO/include/nbio/utility/byte.hpp", "C++", 80, 0, 0, 0, 4, 9, 93
"/home/macrohard/Develop/NBIO/include/nbio/utility/defer.hpp", "C++", 16, 0, 0, 0, 0, 4, 20
"/home/macrohard/Develop/NBIO/include/nbio/utility/expected.hpp", "C++", 18, 0, 0, 0, 0, 4, 22
"/home/macrohard/Develop/NBIO/include/nbio/utility/priority_queue.hpp", "C++", 56, 0, 0, 0, 2, 15, 73
"/home/macrohard/Develop/NBIO/include/nbio/utility/slab.hpp", "C++", 174, 0, 0, 0, 36, 45, 255
"/home/macrohard/Develop/NBIO/include/nbio/utility/thread_memory_pool.hpp", "C++", 9, 0, 0, 0, 0, 4, 13
"/home/macrohard/Develop/NBIO/ports/nbio/portfile.cmake", "CMake", 0, 23, 0, 0, 0, 5, 28
"/home/macrohard/Develop/NBIO/ports/nbio/vcpkg.json", "JSON", 0, 0, 38, 0, 0, 1, 39
"/home/macrohard/Develop/NBIO/source/nbio/CMakeLists.txt", "CMake", 0, 10, 0, 0, 0, 1, 11
"/home/macrohard/Develop/NBIO/source/nbio/async/CMakeLists.txt", "CMake", 0, 8, 0, 0, 0, 2, 10
"/home/macrohard/Develop/NBIO/source/nbio/async/coroutine.cpp", "C++", 31, 0, 0, 0, 0, 6, 37
"/home/macrohard/Develop/NBIO/source/nbio/async/runtime.cpp", "C++", 97, 0, 0, 0, 2, 14, 113
"/home/macrohard/Develop/NBIO/source/nbio/async/scheduler.cpp", "C++", 35, 0, 0, 0, 0, 7, 42
"/home/macrohard/Develop/NBIO/source/nbio/core/CMakeLists.txt", "CMake", 0, 8, 0, 0, 0, 3, 11
"/home/macrohard/Develop/NBIO/source/nbio/core/epoll_multiplexer.cpp", "C++", 499, 0, 0, 0, 30, 54, 583
"/home/macrohard/Develop/NBIO/source/nbio/core/event_notifier.cpp", "C++", 71, 0, 0, 0, 0, 10, 81
"/home/macrohard/Develop/NBIO/source/nbio/core/uring_multiplexer.cpp", "C++", 470, 0, 0, 0, 21, 34, 525
"/home/macrohard/Develop/NBIO/source/nbio/fs/CMakeLists.txt", "CMake", 0, 11, 0, 0, 0, 2, 13
"/home/macrohard/Develop/NBIO/source/nbio/fs/file.cpp", "C++", 111, 0, 0, 0, 4, 12, 127
"/home/macrohard/Develop/NBIO/source/nbio/fs/file_read_channel.cpp", "C++", 68, 0, 0, 0, 4, 12, 84
"/home/macrohard/Develop/NBIO/source/nbio/fs/file_stream.cpp", "C++", 26, 0, 0, 0, 0, 6, 32
"/home/macrohard/Develop/NBIO/source/nbio/fs/file_stream_service.cpp", "C++", 18, 0, 0, 0, 1, 4, 23
"/home/macrohard/Develop/NBIO/source/nbio/fs/file_view.cpp", "C++", 103, 0, 0, 0, 0, 8, 111
"/home/macrohard/Develop/NBIO/source/nbio/fs/file_write_channel.cpp", "C++", 70, 0, 0, 0, 6, 12, 88
"/home/macrohard/Develop/NBIO/source/nbio/net/CMakeLists.txt", "CMake", 0, 37, 0, 0, 0, 2, 39
"/home/macrohard/Develop/NBIO/source/nbio/net/RdmaConnectChannel.cpp", "C++", 54, 0, 0, 0, 3, 14, 71
"/home/macrohard/Develop/NBIO/source/nbio/net/address.cpp", "C++", 65, 0, 0, 0, 0, 6, 71
"/home/macrohard/Develop/NBIO/source/nbio/net/rdma_accept_channel.cpp", "C++", 83, 0, 0, 0, 7, 14, 104
"/home/macrohard/Develop/NBIO/source/nbio/net/rdma_accept_service.cpp", "C++", 30, 0, 0, 0, 0, 4, 34
"/home/macrohard/Develop/NBIO/source/nbio/net/rdma_acceptor.cpp", "C++", 136, 0, 0, 0, 18, 15, 169
"/home/macrohard/Develop/NBIO/source/nbio/net/rdma_connect_channel.cpp", "C++", 54, 0, 0, 0, 3, 14, 71
"/home/macrohard/Develop/NBIO/source/nbio/net/rdma_connect_service.cpp", "C++", 40, 0, 0, 0, 0, 5, 45
"/home/macrohard/Develop/NBIO/source/nbio/net/rdma_connector.cpp", "C++", 588, 0, 0, 0, 59, 66, 713
"/home/macrohard/Develop/NBIO/source/nbio/net/rdma_deliver_service.cpp", "C++", 248, 0, 0, 0, 65, 36, 349
"/home/macrohard/Develop/NBIO/source/nbio/net/rdma_receive_channel.cpp", "C++", 111, 0, 0, 0, 17, 23, 151
"/home/macrohard/Develop/NBIO/source/nbio/net/rdma_resource_manager.cpp", "C++", 49, 0, 0, 0, 16, 8, 73
"/home/macrohard/Develop/NBIO/source/nbio/net/rdma_send_channel.cpp", "C++", 85, 0, 0, 0, 16, 16, 117
"/home/macrohard/Develop/NBIO/source/nbio/net/rdma_session_service.cpp", "C++", 29, 0, 0, 0, 0, 12, 41
"/home/macrohard/Develop/NBIO/source/nbio/net/tcp_accept_channel.cpp", "C++", 80, 0, 0, 0, 13, 14, 107
"/home/macrohard/Develop/NBIO/source/nbio/net/tcp_accept_service.cpp", "C++", 31, 0, 0, 0, 6, 4, 41
"/home/macrohard/Develop/NBIO/source/nbio/net/tcp_acceptor.cpp", "C++", 26, 0, 0, 0, 0, 9, 35
"/home/macrohard/Develop/NBIO/source/nbio/net/tcp_connect_channel.cpp", "C++", 86, 0, 0, 0, 22, 17, 125
"/home/macrohard/Develop/NBIO/source/nbio/net/tcp_connect_service.cpp", "C++", 30, 0, 0, 0, 5, 5, 40
"/home/macrohard/Develop/NBIO/source/nbio/net/tcp_connector.cpp", "C++", 46, 0, 0, 0, 0, 13, 59
"/home/macrohard/Develop/NBIO/source/nbio/net/tcp_receive_channel.cpp", "C++", 71, 0, 0, 0, 6, 14, 91
"/home/macrohard/Develop/NBIO/source/nbio/net/tcp_send_channel.cpp", "C++", 70, 0, 0, 0, 6, 14, 90
"/home/macrohard/Develop/NBIO/source/nbio/net/tcp_session_service.cpp", "C++", 24, 0, 0, 0, 4, 7, 35
"/home/macrohard/Develop/NBIO/source/nbio/net/tcp_socket.cpp", "C++", 298, 0, 0, 0, 0, 30, 328
"/home/macrohard/Develop/NBIO/source/nbio/notification/CMakeLists.txt", "CMake", 0, 8, 0, 0, 0, 2, 10
"/home/macrohard/Develop/NBIO/source/nbio/notification/condition_variable.cpp", "C++", 39, 0, 0, 0, 0, 5, 44
"/home/macrohard/Develop/NBIO/source/nbio/notification/notifier.cpp", "C++", 71, 0, 0, 0, 0, 10, 81
"/home/macrohard/Develop/NBIO/source/nbio/notification/notifier_channel.cpp", "C++", 53, 0, 0, 0, 11, 15, 79
"/home/macrohard/Develop/NBIO/source/nbio/signal/CMakeLists.txt", "CMake", 0, 7, 0, 0, 0, 2, 9
"/home/macrohard/Develop/NBIO/source/nbio/signal/system_signal.cpp", "C++", 84, 0, 0, 0, 1, 9, 94
"/home/macrohard/Develop/NBIO/source/nbio/signal/system_signal_channel.cpp", "C++", 32, 0, 0, 0, 8, 11, 51
"/home/macrohard/Develop/NBIO/source/nbio/time/CMakeLists.txt", "CMake", 0, 7, 0, 0, 0, 2, 9
"/home/macrohard/Develop/NBIO/source/nbio/time/system_time_service.cpp", "C++", 3, 0, 0, 0, 0, 2, 5
"/home/macrohard/Develop/NBIO/source/nbio/time/system_timer.cpp", "C++", 83, 0, 0, 0, 0, 13, 96
"/home/macrohard/Develop/NBIO/source/nbio/time/system_timer_channel.cpp", "C++", 91, 0, 0, 0, 4, 13, 108
"/home/macrohard/Develop/NBIO/source/nbio/utility/CMakeLists.txt", "CMake", 0, 7, 0, 0, 0, 1, 8
"/home/macrohard/Develop/NBIO/source/nbio/utility/bitmap_memory.cpp", "C++", 106, 0, 0, 0, 2, 22, 130
"/home/macrohard/Develop/NBIO/source/nbio/utility/buffer.cpp", "C++", 66, 0, 0, 0, 8, 8, 82
"/home/macrohard/Develop/NBIO/testing/CMakeLists.txt", "CMake", 0, 17, 0, 0, 0, 4, 21
"/home/macrohard/Develop/NBIO/testing/buffer_testing.cpp", "C++", 47, 0, 0, 0, 20, 13, 80
"/home/macrohard/Develop/NBIO/testing/condition_testing.cpp", "C++", 82, 0, 0, 0, 3, 23, 108
"/home/macrohard/Develop/NBIO/testing/file_write_channel_testing.cpp", "C++", 102, 0, 0, 0, 27, 20, 149
"/home/macrohard/Develop/NBIO/testing/socket_channel_testing.cpp", "C++", 177, 0, 0, 0, 23, 40, 240
"/home/macrohard/Develop/NBIO/vcpkg.json", "JSON", 0, 0, 38, 0, 0, 0, 38
"/home/macrohard/Develop/NBIO/versions/baseline.json", "JSON", 0, 0, 8, 0, 0, 1, 9
"/home/macrohard/Develop/NBIO/versions/n-/nbio.json", "JSON", 0, 0, 9, 0, 0, 1, 10
"Total", "-", 8690, 272, 111, 50, 1030, 1796, 11949